sample_name	Project_name	primer_name	primer_seq	indeks_numer	person	wirtualny	condition	cell_line	localization	transcript	replicate	type	R5_length	R5_file	R3_file
15_FLPIN_OVR_MBP_REPL1_1	Seq_3	L1NGS1	GCAATGTGCACATGTACCCTAA	5	ZW	15_Wirtualna	CNTRL	FLPIN	TOTAL	REPORTERL1_overexp	3	OVR	300	15_FLPIN_OVR_MBP_REPL1_1_R5.fastq	15_FLPIN_OVR_MBP_REPL1_1_R3.fastq
16_FLPIN_OVR_MBP_REPL1_2	Seq_3	L1NGS1	GCAATGTGCACATGTACCCTAA	6	ZW	16_Wirtualna	CNTRL	FLPIN	TOTAL	REPORTERL1_overexp	4	OVR	300	16_FLPIN_OVR_MBP_REPL1_2_R5.fastq	16_FLPIN_OVR_MBP_REPL1_2_R3.fastq
17_FLPIN_OVR_MBP_REPL1_3	Seq_3	L1NGS1	GCAATGTGCACATGTACCCTAA	7	ZW	17_Wirtualna	CNTRL	FLPIN	TOTAL	REPORTERL1_overexp	5	OVR	300	17_FLPIN_OVR_MBP_REPL1_3_R5.fastq	17_FLPIN_OVR_MBP_REPL1_3_R3.fastq
18_FLPIN_OVR_MOV10_REPL1_1	Seq_3	L1NGS1	GCAATGTGCACATGTACCCTAA	8	ZW	18_Wirtualna	MOV10	FLPIN	TOTAL	REPORTERL1_overexp	3	OVR	300	18_FLPIN_OVR_MOV10_REPL1_1_R5.fastq	18_FLPIN_OVR_MOV10_REPL1_1_R3.fastq
19_FLPIN_OVR_MOV10_REPL1_2	Seq_3	L1NGS1	GCAATGTGCACATGTACCCTAA	5	ZW	25_Wirtualna	MOV10	FLPIN	TOTAL	REPORTERL1_overexp	4	OVR	300	19_FLPIN_OVR_MOV10_REPL1_2_R5.fastq	19_FLPIN_OVR_MOV10_REPL1_2_R3.fastq
20_FLPIN_OVR_MOV10_REPL1_3	Seq_3	L1NGS1	GCAATGTGCACATGTACCCTAA	6	ZW	26_Wirtualna	MOV10	FLPIN	TOTAL	REPORTERL1_overexp	5	OVR	300	20_FLPIN_OVR_MOV10_REPL1_3_R5.fastq	20_FLPIN_OVR_MOV10_REPL1_3_R3.fastq
24_FLPIN_OVR_TUT4MT_REPL1_1	Seq_3	L1NGS1	GCAATGTGCACATGTACCCTAA	0	ZW	30_Wirtualna	TUT4MT	FLPIN	TOTAL	REPORTERL1_overexp	3	OVR	300	24_FLPIN_OVR_TUT4MT_REPL1_1_R5.fastq	24_FLPIN_OVR_TUT4MT_REPL1_1_R3.fastq
25_FLPIN_OVR_TUT4MT_REPL1_2	Seq_3	L1NGS1	GCAATGTGCACATGTACCCTAA	1	ZW	31_Wirtualna	TUT4MT	FLPIN	TOTAL	REPORTERL1_overexp	4	OVR	300	25_FLPIN_OVR_TUT4MT_REPL1_2_R5.fastq	25_FLPIN_OVR_TUT4MT_REPL1_2_R3.fastq
26_FLPIN_OVR_TUT4MT_REPL1_3	Seq_3	L1NGS1	GCAATGTGCACATGTACCCTAA	2	ZW	32_Wirtualna	TUT4MT	FLPIN	TOTAL	REPORTERL1_overexp	5	OVR	300	26_FLPIN_OVR_TUT4MT_REPL1_3_R5.fastq	26_FLPIN_OVR_TUT4MT_REPL1_3_R3.fastq
27_FLPIN_OVR_TUT4WT_REPL1_1	Seq_3	L1NGS1	GCAATGTGCACATGTACCCTAA	3	ZW	33_Wirtualna	TUT4WT	FLPIN	TOTAL	REPORTERL1_overexp	3	OVR	300	27_FLPIN_OVR_TUT4WT_REPL1_1_R5.fastq	27_FLPIN_OVR_TUT4WT_REPL1_1_R3.fastq
28_FLPIN_OVR_TUT4WT_REPL1_2	Seq_3	L1NGS1	GCAATGTGCACATGTACCCTAA	4	ZW	34_Wirtualna	TUT4WT	FLPIN	TOTAL	REPORTERL1_overexp	4	OVR	300	28_FLPIN_OVR_TUT4WT_REPL1_2_R5.fastq	28_FLPIN_OVR_TUT4WT_REPL1_2_R3.fastq
29_FLPIN_OVR_TUT4WT_REPL1_3	Seq_3	L1NGS1	GCAATGTGCACATGTACCCTAA	5	ZW	35_Wirtualna	TUT4WT	FLPIN	TOTAL	REPORTERL1_overexp	5	OVR	300	29_FLPIN_OVR_TUT4WT_REPL1_3_R5.fastq	29_FLPIN_OVR_TUT4WT_REPL1_3_R3.fastq
30_FLPIN_OVR_TUT7MT_REPL1_1	Seq_3	L1NGS1	GCAATGTGCACATGTACCCTAA	6	ZW	36_Wirtualna	TUT7MT	FLPIN	TOTAL	REPORTERL1_overexp	3	OVR	300	30_FLPIN_OVR_TUT7MT_REPL1_1_R5.fastq	30_FLPIN_OVR_TUT7MT_REPL1_1_R3.fastq
31_FLPIN_OVR_TUT7MT_REPL1_2	Seq_3	L1NGS1	GCAATGTGCACATGTACCCTAA	7	ZW	37_Wirtualna	TUT7MT	FLPIN	TOTAL	REPORTERL1_overexp	4	OVR	300	31_FLPIN_OVR_TUT7MT_REPL1_2_R5.fastq	31_FLPIN_OVR_TUT7MT_REPL1_2_R3.fastq
32_FLPIN_OVR_TUT7MT_REPL1_3	Seq_3	L1NGS1	GCAATGTGCACATGTACCCTAA	8	ZW	38_Wirtualna	TUT7MT	FLPIN	TOTAL	REPORTERL1_overexp	5	OVR	300	32_FLPIN_OVR_TUT7MT_REPL1_3_R5.fastq	32_FLPIN_OVR_TUT7MT_REPL1_3_R3.fastq
33_FLPIN_OVR_TUT7WT_REPL1_1	Seq_3	L1NGS1	GCAATGTGCACATGTACCCTAA	9	ZW	39_Wirtualna	TUT7WT	FLPIN	TOTAL	REPORTERL1_overexp	4	OVR	300	33_FLPIN_OVR_TUT7WT_REPL1_1_R5.fastq	33_FLPIN_OVR_TUT7WT_REPL1_1_R3.fastq
34_FLPIN_OVR_TUT7WT_REPL1_2	Seq_3	L1NGS1	GCAATGTGCACATGTACCCTAA	0	ZW	40_Wirtualna	TUT7WT	FLPIN	TOTAL	REPORTERL1_overexp	5	OVR	300	34_FLPIN_OVR_TUT7WT_REPL1_2_R5.fastq	34_FLPIN_OVR_TUT7WT_REPL1_2_R3.fastq
35_FLPIN_OVR_TUT7WT_REPL1_3	Seq_3	L1NGS1	GCAATGTGCACATGTACCCTAA	1	ZW	41_Wirtualna	TUT7WT	FLPIN	TOTAL	REPORTERL1_overexp	6	OVR	300	35_FLPIN_OVR_TUT7WT_REPL1_3_R5.fastq	35_FLPIN_OVR_TUT7WT_REPL1_3_R3.fastq
36_FLPIN_OVR_TUT1_REPL1_1	Seq_3	L1NGS1	GCAATGTGCACATGTACCCTAA	2	ZW	42_Wirtualna	TUT1	FLPIN	TOTAL	REPORTERL1_overexp	1	OVR	300	36_FLPIN_OVR_TUT1_REPL1_1_R5.fastq	36_FLPIN_OVR_TUT1_REPL1_1_R3.fastq
37_FLPIN_OVR_TUT1_REPL1_2	Seq_3	L1NGS1	GCAATGTGCACATGTACCCTAA	3	ZW	43_Wirtualna	TUT1	FLPIN	TOTAL	REPORTERL1_overexp	2	OVR	300	37_FLPIN_OVR_TUT1_REPL1_2_R5.fastq	37_FLPIN_OVR_TUT1_REPL1_2_R3.fastq
38_FLPIN_OVR_TUT1_REPL1_3	Seq_3	L1NGS1	GCAATGTGCACATGTACCCTAA	4	ZW	44_Wirtualna	TUT1	FLPIN	TOTAL	REPORTERL1_overexp	3	OVR	300	38_FLPIN_OVR_TUT1_REPL1_3_R5.fastq	38_FLPIN_OVR_TUT1_REPL1_3_R3.fastq
39_FLPIN_OVR_TUT1_REPL1_4	Seq_3	L1NGS1	GCAATGTGCACATGTACCCTAA	5	ZW	45_Wirtualna	TUT1	FLPIN	TOTAL	REPORTERL1_overexp	4	OVR	300	39_FLPIN_OVR_TUT1_REPL1_4_R5.fastq	39_FLPIN_OVR_TUT1_REPL1_4_R3.fastq
4_FLPIN_OVR_TENT5CWT_REPL1_1	Seq_3	L1NGS1	GCAATGTGCACATGTACCCTAA	4	ZW	4_Wirtualna	TENT5CWT	FLPIN	TOTAL	REPORTERL1_overexp	1	OVR	300	4_FLPIN_OVR_TENT5CWT_REPL1_1_R5.fastq	4_FLPIN_OVR_TENT5CWT_REPL1_1_R3.fastq
5_FLPIN_OVR_TENT5CWT_REPL1_2	Seq_3	L1NGS1	GCAATGTGCACATGTACCCTAA	5	ZW	5_Wirtualna	TENT5CWT	FLPIN	TOTAL	REPORTERL1_overexp	2	OVR	300	5_FLPIN_OVR_TENT5CWT_REPL1_2_R5.fastq	5_FLPIN_OVR_TENT5CWT_REPL1_2_R3.fastq
6_FLPIN_OVR_TENT5CWT_REPL1_3	Seq_3	L1NGS1	GCAATGTGCACATGTACCCTAA	6	ZW	6_Wirtualna	TENT5CWT	FLPIN	TOTAL	REPORTERL1_overexp	3	OVR	300	6_FLPIN_OVR_TENT5CWT_REPL1_3_R5.fastq	6_FLPIN_OVR_TENT5CWT_REPL1_3_R3.fastq
7_FLPIN_OVR_TENT5CWT_REPL1_4	Seq_3	L1NGS1	GCAATGTGCACATGTACCCTAA	7	ZW	7_Wirtualna	TENT5CWT	FLPIN	TOTAL	REPORTERL1_overexp	4	OVR	300	7_FLPIN_OVR_TENT5CWT_REPL1_4_R5.fastq	7_FLPIN_OVR_TENT5CWT_REPL1_4_R3.fastq
54_FLPIN_OVR_MBP_ACTB_1	Seq_3	ACTB	CCTGGGAGTGGGTGGAGG	5	ZW	15_Wirtualna	CNTRL	FLPIN	TOTAL	ACTB	4	OVR	300	54_FLPIN_OVR_MBP_ACTB_1_R5.fastq	54_FLPIN_OVR_MBP_ACTB_1_R3.fastq
55_FLPIN_OVR_MBP_ACTB_2	Seq_3	ACTB	CCTGGGAGTGGGTGGAGG	6	ZW	16_Wirtualna	CNTRL	FLPIN	TOTAL	ACTB	5	OVR	300	55_FLPIN_OVR_MBP_ACTB_2_R5.fastq	55_FLPIN_OVR_MBP_ACTB_2_R3.fastq
56_FLPIN_OVR_MBP_ACTB_3	Seq_3	ACTB	CCTGGGAGTGGGTGGAGG	7	ZW	17_Wirtualna	CNTRL	FLPIN	TOTAL	ACTB	6	OVR	300	56_FLPIN_OVR_MBP_ACTB_3_R5.fastq	56_FLPIN_OVR_MBP_ACTB_3_R3.fastq
57_FLPIN_OVR_MOV10_ACTB_1	Seq_3	ACTB	CCTGGGAGTGGGTGGAGG	8	ZW	18_Wirtualna	MOV10	FLPIN	TOTAL	ACTB	4	OVR	300	57_FLPIN_OVR_MOV10_ACTB_1_R5.fastq	57_FLPIN_OVR_MOV10_ACTB_1_R3.fastq
58_FLPIN_OVR_MOV10_ACTB_2	Seq_3	ACTB	CCTGGGAGTGGGTGGAGG	5	ZW	25_Wirtualna	MOV10	FLPIN	TOTAL	ACTB	5	OVR	300	58_FLPIN_OVR_MOV10_ACTB_2_R5.fastq	58_FLPIN_OVR_MOV10_ACTB_2_R3.fastq
59_FLPIN_OVR_MOV10_ACTB_3	Seq_3	ACTB	CCTGGGAGTGGGTGGAGG	6	ZW	26_Wirtualna	MOV10	FLPIN	TOTAL	ACTB	6	OVR	300	59_FLPIN_OVR_MOV10_ACTB_3_R5.fastq	59_FLPIN_OVR_MOV10_ACTB_3_R3.fastq
63_FLPIN_OVR_TUT4MT_ACTB_1	Seq_3	ACTB	CCTGGGAGTGGGTGGAGG	0	ZW	30_Wirtualna	TUT4MT	FLPIN	TOTAL	ACTB	1	OVR	300	63_FLPIN_OVR_TUT4MT_ACTB_1_R5.fastq	63_FLPIN_OVR_TUT4MT_ACTB_1_R3.fastq
64_FLPIN_OVR_TUT4MT_ACTB_2	Seq_3	ACTB	CCTGGGAGTGGGTGGAGG	1	ZW	31_Wirtualna	TUT4MT	FLPIN	TOTAL	ACTB	2	OVR	300	64_FLPIN_OVR_TUT4MT_ACTB_2_R5.fastq	64_FLPIN_OVR_TUT4MT_ACTB_2_R3.fastq
65_FLPIN_OVR_TUT4MT_ACTB_3	Seq_3	ACTB	CCTGGGAGTGGGTGGAGG	2	ZW	32_Wirtualna	TUT4MT	FLPIN	TOTAL	ACTB	3	OVR	300	65_FLPIN_OVR_TUT4MT_ACTB_3_R5.fastq	65_FLPIN_OVR_TUT4MT_ACTB_3_R3.fastq
66_FLPIN_OVR_TUT4WT_ACTB_1	Seq_3	ACTB	CCTGGGAGTGGGTGGAGG	3	ZW	33_Wirtualna	TUT4WT	FLPIN	TOTAL	ACTB	1	OVR	300	66_FLPIN_OVR_TUT4WT_ACTB_1_R5.fastq	66_FLPIN_OVR_TUT4WT_ACTB_1_R3.fastq
67_FLPIN_OVR_TUT4WT_ACTB_2	Seq_3	ACTB	CCTGGGAGTGGGTGGAGG	4	ZW	34_Wirtualna	TUT4WT	FLPIN	TOTAL	ACTB	2	OVR	300	67_FLPIN_OVR_TUT4WT_ACTB_2_R5.fastq	67_FLPIN_OVR_TUT4WT_ACTB_2_R3.fastq
68_FLPIN_OVR_TUT4WT_ACTB_3	Seq_3	ACTB	CCTGGGAGTGGGTGGAGG	5	ZW	35_Wirtualna	TUT4WT	FLPIN	TOTAL	ACTB	3	OVR	300	68_FLPIN_OVR_TUT4WT_ACTB_3_R5.fastq	68_FLPIN_OVR_TUT4WT_ACTB_3_R3.fastq
69_FLPIN_OVR_TUT7MT_ACTB_1	Seq_3	ACTB	CCTGGGAGTGGGTGGAGG	6	ZW	36_Wirtualna	TUT7MT	FLPIN	TOTAL	ACTB	4	OVR	300	69_FLPIN_OVR_TUT7MT_ACTB_1_R5.fastq	69_FLPIN_OVR_TUT7MT_ACTB_1_R3.fastq
70_FLPIN_OVR_TUT7MT_ACTB_2	Seq_3	ACTB	CCTGGGAGTGGGTGGAGG	7	ZW	37_Wirtualna	TUT7MT	FLPIN	TOTAL	ACTB	5	OVR	300	70_FLPIN_OVR_TUT7MT_ACTB_2_R5.fastq	70_FLPIN_OVR_TUT7MT_ACTB_2_R3.fastq
71_FLPIN_OVR_TUT7MT_ACTB_3	Seq_3	ACTB	CCTGGGAGTGGGTGGAGG	8	ZW	38_Wirtualna	TUT7MT	FLPIN	TOTAL	ACTB	6	OVR	300	71_FLPIN_OVR_TUT7MT_ACTB_3_R5.fastq	71_FLPIN_OVR_TUT7MT_ACTB_3_R3.fastq
72_FLPIN_OVR_TUT7WT_ACTB_1	Seq_3	ACTB	CCTGGGAGTGGGTGGAGG	9	ZW	39_Wirtualna	TUT7WT	FLPIN	TOTAL	ACTB	4	OVR	300	72_FLPIN_OVR_TUT7WT_ACTB_1_R5.fastq	72_FLPIN_OVR_TUT7WT_ACTB_1_R3.fastq
73_FLPIN_OVR_TUT7WT_ACTB_2	Seq_3	ACTB	CCTGGGAGTGGGTGGAGG	0	ZW	40_Wirtualna	TUT7WT	FLPIN	TOTAL	ACTB	5	OVR	300	73_FLPIN_OVR_TUT7WT_ACTB_2_R5.fastq	73_FLPIN_OVR_TUT7WT_ACTB_2_R3.fastq
74_FLPIN_OVR_TUT7WT_ACTB_3	Seq_3	ACTB	CCTGGGAGTGGGTGGAGG	1	ZW	41_Wirtualna	TUT7WT	FLPIN	TOTAL	ACTB	6	OVR	300	74_FLPIN_OVR_TUT7WT_ACTB_3_R5.fastq	74_FLPIN_OVR_TUT7WT_ACTB_3_R3.fastq
102_FLPIN_OVR_TUT4MT_GAPDH_1	Seq_3	GAPDH	CTAGGGAGCCGCACCTTGT	0	ZW	30_Wirtualna	TUT4MT	FLPIN	TOTAL	GAPDH	1	OVR	300	102_FLPIN_OVR_TUT4MT_GAPDH_1_R5.fastq	102_FLPIN_OVR_TUT4MT_GAPDH_1_R3.fastq
103_FLPIN_OVR_TUT4MT_GAPDH_2	Seq_3	GAPDH	CTAGGGAGCCGCACCTTGT	1	ZW	31_Wirtualna	TUT4MT	FLPIN	TOTAL	GAPDH	2	OVR	300	103_FLPIN_OVR_TUT4MT_GAPDH_2_R5.fastq	103_FLPIN_OVR_TUT4MT_GAPDH_2_R3.fastq
104_FLPIN_OVR_TUT4MT_GAPDH_3	Seq_3	GAPDH	CTAGGGAGCCGCACCTTGT	2	ZW	32_Wirtualna	TUT4MT	FLPIN	TOTAL	GAPDH	3	OVR	300	104_FLPIN_OVR_TUT4MT_GAPDH_3_R5.fastq	104_FLPIN_OVR_TUT4MT_GAPDH_3_R3.fastq
105_FLPIN_OVR_TUT4WT_GAPDH_1	Seq_3	GAPDH	CTAGGGAGCCGCACCTTGT	3	ZW	33_Wirtualna	TUT4WT	FLPIN	TOTAL	GAPDH	1	OVR	300	105_FLPIN_OVR_TUT4WT_GAPDH_1_R5.fastq	105_FLPIN_OVR_TUT4WT_GAPDH_1_R3.fastq
106_FLPIN_OVR_TUT4WT_GAPDH_2	Seq_3	GAPDH	CTAGGGAGCCGCACCTTGT	4	ZW	34_Wirtualna	TUT4WT	FLPIN	TOTAL	GAPDH	2	OVR	300	106_FLPIN_OVR_TUT4WT_GAPDH_2_R5.fastq	106_FLPIN_OVR_TUT4WT_GAPDH_2_R3.fastq
108_FLPIN_OVR_TUT4WT_GAPDH_3	Seq_3	GAPDH	CTAGGGAGCCGCACCTTGT	5	ZW	35_Wirtualna	TUT4WT	FLPIN	TOTAL	GAPDH	3	OVR	300	108_FLPIN_OVR_TUT4WT_GAPDH_3_R5.fastq	108_FLPIN_OVR_TUT4WT_GAPDH_3_R3.fastq
109_FLPIN_OVR_TUT7MT_GAPDH_1	Seq_3	GAPDH	CTAGGGAGCCGCACCTTGT	6	ZW	36_Wirtualna	TUT7MT	FLPIN	TOTAL	GAPDH	4	OVR	300	109_FLPIN_OVR_TUT7MT_GAPDH_1_R5.fastq	109_FLPIN_OVR_TUT7MT_GAPDH_1_R3.fastq
110_FLPIN_OVR_TUT7MT_GAPDH_2	Seq_3	GAPDH	CTAGGGAGCCGCACCTTGT	7	ZW	37_Wirtualna	TUT7MT	FLPIN	TOTAL	GAPDH	5	OVR	300	110_FLPIN_OVR_TUT7MT_GAPDH_2_R5.fastq	110_FLPIN_OVR_TUT7MT_GAPDH_2_R3.fastq
111_FLPIN_OVR_TUT7MT_GAPDH_3	Seq_3	GAPDH	CTAGGGAGCCGCACCTTGT	8	ZW	38_Wirtualna	TUT7MT	FLPIN	TOTAL	GAPDH	6	OVR	300	111_FLPIN_OVR_TUT7MT_GAPDH_3_R5.fastq	111_FLPIN_OVR_TUT7MT_GAPDH_3_R3.fastq
112_FLPIN_OVR_TUT7WT_GAPDH_1	Seq_3	GAPDH	CTAGGGAGCCGCACCTTGT	9	ZW	39_Wirtualna	TUT7WT	FLPIN	TOTAL	GAPDH	4	OVR	300	112_FLPIN_OVR_TUT7WT_GAPDH_1_R5.fastq	112_FLPIN_OVR_TUT7WT_GAPDH_1_R3.fastq
113_FLPIN_OVR_TUT7WT_GAPDH_2	Seq_3	GAPDH	CTAGGGAGCCGCACCTTGT	0	ZW	40_Wirtualna	TUT7WT	FLPIN	TOTAL	GAPDH	5	OVR	300	113_FLPIN_OVR_TUT7WT_GAPDH_2_R5.fastq	113_FLPIN_OVR_TUT7WT_GAPDH_2_R3.fastq
114_FLPIN_OVR_TUT7WT_GAPDH_3	Seq_3	GAPDH	CTAGGGAGCCGCACCTTGT	1	ZW	41_Wirtualna	TUT7WT	FLPIN	TOTAL	GAPDH	6	OVR	300	114_FLPIN_OVR_TUT7WT_GAPDH_3_R5.fastq	114_FLPIN_OVR_TUT7WT_GAPDH_3_R3.fastq
93_FLPIN_OVR_MBP_GAPDH_1	Seq_3	GAPDH	CTAGGGAGCCGCACCTTGT	5	ZW	15_Wirtualna	CNTRL	FLPIN	TOTAL	GAPDH	4	OVR	300	93_FLPIN_OVR_MBP_GAPDH_1_R5.fastq	93_FLPIN_OVR_MBP_GAPDH_1_R3.fastq
94_FLPIN_OVR_MBP_GAPDH_2	Seq_3	GAPDH	CTAGGGAGCCGCACCTTGT	6	ZW	16_Wirtualna	CNTRL	FLPIN	TOTAL	GAPDH	5	OVR	300	94_FLPIN_OVR_MBP_GAPDH_2_R5.fastq	94_FLPIN_OVR_MBP_GAPDH_2_R3.fastq
95_FLPIN_OVR_MBP_GAPDH_3	Seq_3	GAPDH	CTAGGGAGCCGCACCTTGT	7	ZW	17_Wirtualna	CNTRL	FLPIN	TOTAL	GAPDH	6	OVR	300	95_FLPIN_OVR_MBP_GAPDH_3_R5.fastq	95_FLPIN_OVR_MBP_GAPDH_3_R3.fastq
96_FLPIN_OVR_MOV10_GAPDH_1	Seq_3	GAPDH	CTAGGGAGCCGCACCTTGT	8	ZW	18_Wirtualna	MOV10	FLPIN	TOTAL	GAPDH	4	OVR	300	96_FLPIN_OVR_MOV10_GAPDH_1_R5.fastq	96_FLPIN_OVR_MOV10_GAPDH_1_R3.fastq
97_FLPIN_OVR_MOV10_GAPDH_2	Seq_3	GAPDH	CTAGGGAGCCGCACCTTGT	5	ZW	25_Wirtualna	MOV10	FLPIN	TOTAL	GAPDH	5	OVR	300	97_FLPIN_OVR_MOV10_GAPDH_2_R5.fastq	97_FLPIN_OVR_MOV10_GAPDH_2_R3.fastq
98_FLPIN_OVR_MOV10_GAPDH_3	Seq_3	GAPDH	CTAGGGAGCCGCACCTTGT	6	ZW	26_Wirtualna	MOV10	FLPIN	TOTAL	GAPDH	6	OVR	300	98_FLPIN_OVR_MOV10_GAPDH_3_R5.fastq	98_FLPIN_OVR_MOV10_GAPDH_3_R3.fastq
172_FLPIN_OVR_MBP_PABPC4_1	Seq_3	PABPC4	CCCAGAAATTGGTTTTATTT	5	ZW	15_Wirtualna	CNTRL	FLPIN	TOTAL	PABPC4	4	OVR	300	172_FLPIN_OVR_MBP_PABPC4_1_R5.fastq	172_FLPIN_OVR_MBP_PABPC4_1_R3.fastq
173_FLPIN_OVR_MBP_PABPC4_2	Seq_3	PABPC4	CCCAGAAATTGGTTTTATTT	6	ZW	16_Wirtualna	CNTRL	FLPIN	TOTAL	PABPC4	5	OVR	300	173_FLPIN_OVR_MBP_PABPC4_2_R5.fastq	173_FLPIN_OVR_MBP_PABPC4_2_R3.fastq
174_FLPIN_OVR_MBP_PABPC4_3	Seq_3	PABPC4	CCCAGAAATTGGTTTTATTT	7	ZW	17_Wirtualna	CNTRL	FLPIN	TOTAL	PABPC4	6	OVR	300	174_FLPIN_OVR_MBP_PABPC4_3_R5.fastq	174_FLPIN_OVR_MBP_PABPC4_3_R3.fastq
175_FLPIN_OVR_MOV10_PABPC4_1	Seq_3	PABPC4	CCCAGAAATTGGTTTTATTT	8	ZW	18_Wirtualna	MOV10	FLPIN	TOTAL	PABPC4	4	OVR	300	175_FLPIN_OVR_MOV10_PABPC4_1_R5.fastq	175_FLPIN_OVR_MOV10_PABPC4_1_R3.fastq
176_FLPIN_OVR_MOV10_PABPC4_2	Seq_3	PABPC4	CCCAGAAATTGGTTTTATTT	5	ZW	25_Wirtualna	MOV10	FLPIN	TOTAL	PABPC4	5	OVR	300	176_FLPIN_OVR_MOV10_PABPC4_2_R5.fastq	176_FLPIN_OVR_MOV10_PABPC4_2_R3.fastq
177_FLPIN_OVR_MOV10_PABPC4_3	Seq_3	PABPC4	CCCAGAAATTGGTTTTATTT	6	ZW	26_Wirtualna	MOV10	FLPIN	TOTAL	PABPC4	6	OVR	300	177_FLPIN_OVR_MOV10_PABPC4_3_R5.fastq	177_FLPIN_OVR_MOV10_PABPC4_3_R3.fastq
181_FLPIN_OVR_TUT4MT_PABPC4_1	Seq_3	PABPC4	CCCAGAAATTGGTTTTATTT	0	ZW	30_Wirtualna	TUT4MT	FLPIN	TOTAL	PABPC4	1	OVR	300	181_FLPIN_OVR_TUT4MT_PABPC4_1_R5.fastq	181_FLPIN_OVR_TUT4MT_PABPC4_1_R3.fastq
182_FLPIN_OVR_TUT4MT_PABPC4_2	Seq_3	PABPC4	CCCAGAAATTGGTTTTATTT	1	ZW	31_Wirtualna	TUT4MT	FLPIN	TOTAL	PABPC4	2	OVR	300	182_FLPIN_OVR_TUT4MT_PABPC4_2_R5.fastq	182_FLPIN_OVR_TUT4MT_PABPC4_2_R3.fastq
183_FLPIN_OVR_TUT4MT_PABPC4_3	Seq_3	PABPC4	CCCAGAAATTGGTTTTATTT	2	ZW	32_Wirtualna	TUT4MT	FLPIN	TOTAL	PABPC4	3	OVR	300	183_FLPIN_OVR_TUT4MT_PABPC4_3_R5.fastq	183_FLPIN_OVR_TUT4MT_PABPC4_3_R3.fastq
184_FLPIN_OVR_TUT4WT_PABPC4_1	Seq_3	PABPC4	CCCAGAAATTGGTTTTATTT	3	ZW	33_Wirtualna	TUT4WT	FLPIN	TOTAL	PABPC4	1	OVR	300	184_FLPIN_OVR_TUT4WT_PABPC4_1_R5.fastq	184_FLPIN_OVR_TUT4WT_PABPC4_1_R3.fastq
185_FLPIN_OVR_TUT4WT_PABPC4_2	Seq_3	PABPC4	CCCAGAAATTGGTTTTATTT	4	ZW	34_Wirtualna	TUT4WT	FLPIN	TOTAL	PABPC4	2	OVR	300	185_FLPIN_OVR_TUT4WT_PABPC4_2_R5.fastq	185_FLPIN_OVR_TUT4WT_PABPC4_2_R3.fastq
186_FLPIN_OVR_TUT4WT_PABPC4_3	Seq_3	PABPC4	CCCAGAAATTGGTTTTATTT	5	ZW	35_Wirtualna	TUT4WT	FLPIN	TOTAL	PABPC4	3	OVR	300	186_FLPIN_OVR_TUT4WT_PABPC4_3_R5.fastq	186_FLPIN_OVR_TUT4WT_PABPC4_3_R3.fastq
187_FLPIN_OVR_TUT7MT_PABPC4_1	Seq_3	PABPC4	CCCAGAAATTGGTTTTATTT	6	ZW	36_Wirtualna	TUT7MT	FLPIN	TOTAL	PABPC4	4	OVR	300	187_FLPIN_OVR_TUT7MT_PABPC4_1_R5.fastq	187_FLPIN_OVR_TUT7MT_PABPC4_1_R3.fastq
188_FLPIN_OVR_TUT7MT_PABPC4_2	Seq_3	PABPC4	CCCAGAAATTGGTTTTATTT	7	ZW	37_Wirtualna	TUT7MT	FLPIN	TOTAL	PABPC4	5	OVR	300	188_FLPIN_OVR_TUT7MT_PABPC4_2_R5.fastq	188_FLPIN_OVR_TUT7MT_PABPC4_2_R3.fastq
189_FLPIN_OVR_TUT7MT_PABPC4_3	Seq_3	PABPC4	CCCAGAAATTGGTTTTATTT	8	ZW	38_Wirtualna	TUT7MT	FLPIN	TOTAL	PABPC4	6	OVR	300	189_FLPIN_OVR_TUT7MT_PABPC4_3_R5.fastq	189_FLPIN_OVR_TUT7MT_PABPC4_3_R3.fastq
190_FLPIN_OVR_TUT7WT_PABPC4_1	Seq_3	PABPC4	CCCAGAAATTGGTTTTATTT	9	ZW	39_Wirtualna	TUT7WT	FLPIN	TOTAL	PABPC4	4	OVR	300	190_FLPIN_OVR_TUT7WT_PABPC4_1_R5.fastq	190_FLPIN_OVR_TUT7WT_PABPC4_1_R3.fastq
191_FLPIN_OVR_TUT7WT_PABPC4_2	Seq_3	PABPC4	CCCAGAAATTGGTTTTATTT	0	ZW	40_Wirtualna	TUT7WT	FLPIN	TOTAL	PABPC4	5	OVR	300	191_FLPIN_OVR_TUT7WT_PABPC4_2_R5.fastq	191_FLPIN_OVR_TUT7WT_PABPC4_2_R3.fastq
192_FLPIN_OVR_TUT7WT_PABPC4_3	Seq_3	PABPC4	CCCAGAAATTGGTTTTATTT	1	ZW	41_Wirtualna	TUT7WT	FLPIN	TOTAL	PABPC4	6	OVR	300	192_FLPIN_OVR_TUT7WT_PABPC4_3_R5.fastq	192_FLPIN_OVR_TUT7WT_PABPC4_3_R3.fastq
211_FLPIN_OVR_MBP_SOGA2_1	Seq_3	SOGA2	AGTCACAAGGATACCAAATGGA	5	ZW	15_Wirtualna	CNTRL	FLPIN	TOTAL	SOGA2	4	OVR	300	211_FLPIN_OVR_MBP_SOGA2_1_R5.fastq	211_FLPIN_OVR_MBP_SOGA2_1_R3.fastq
212_FLPIN_OVR_MBP_SOGA2_2	Seq_3	SOGA2	AGTCACAAGGATACCAAATGGA	6	ZW	16_Wirtualna	CNTRL	FLPIN	TOTAL	SOGA2	5	OVR	300	212_FLPIN_OVR_MBP_SOGA2_2_R5.fastq	212_FLPIN_OVR_MBP_SOGA2_2_R3.fastq
213_FLPIN_OVR_MBP_SOGA2_3	Seq_3	SOGA2	AGTCACAAGGATACCAAATGGA	7	ZW	17_Wirtualna	CNTRL	FLPIN	TOTAL	SOGA2	6	OVR	300	213_FLPIN_OVR_MBP_SOGA2_3_R5.fastq	213_FLPIN_OVR_MBP_SOGA2_3_R3.fastq
214_FLPIN_OVR_MOV10_SOGA2_1	Seq_3	SOGA2	AGTCACAAGGATACCAAATGGA	8	ZW	18_Wirtualna	MOV10	FLPIN	TOTAL	SOGA2	4	OVR	300	214_FLPIN_OVR_MOV10_SOGA2_1_R5.fastq	214_FLPIN_OVR_MOV10_SOGA2_1_R3.fastq
215_FLPIN_OVR_MOV10_SOGA2_2	Seq_3	SOGA2	AGTCACAAGGATACCAAATGGA	5	ZW	25_Wirtualna	MOV10	FLPIN	TOTAL	SOGA2	5	OVR	300	215_FLPIN_OVR_MOV10_SOGA2_2_R5.fastq	215_FLPIN_OVR_MOV10_SOGA2_2_R3.fastq
216_FLPIN_OVR_MOV10_SOGA2_3	Seq_3	SOGA2	AGTCACAAGGATACCAAATGGA	6	ZW	26_Wirtualna	MOV10	FLPIN	TOTAL	SOGA2	6	OVR	300	216_FLPIN_OVR_MOV10_SOGA2_3_R5.fastq	216_FLPIN_OVR_MOV10_SOGA2_3_R3.fastq
220_FLPIN_OVR_TUT4MT_SOGA2_1	Seq_3	SOGA2	AGTCACAAGGATACCAAATGGA	0	ZW	30_Wirtualna	TUT4MT	FLPIN	TOTAL	SOGA2	1	OVR	300	220_FLPIN_OVR_TUT4MT_SOGA2_1_R5.fastq	220_FLPIN_OVR_TUT4MT_SOGA2_1_R3.fastq
221_FLPIN_OVR_TUT4MT_SOGA2_2	Seq_3	SOGA2	AGTCACAAGGATACCAAATGGA	1	ZW	31_Wirtualna	TUT4MT	FLPIN	TOTAL	SOGA2	2	OVR	300	221_FLPIN_OVR_TUT4MT_SOGA2_2_R5.fastq	221_FLPIN_OVR_TUT4MT_SOGA2_2_R3.fastq
222_FLPIN_OVR_TUT4MT_SOGA2_3	Seq_3	SOGA2	AGTCACAAGGATACCAAATGGA	2	ZW	32_Wirtualna	TUT4MT	FLPIN	TOTAL	SOGA2	3	OVR	300	222_FLPIN_OVR_TUT4MT_SOGA2_3_R5.fastq	222_FLPIN_OVR_TUT4MT_SOGA2_3_R3.fastq
223_FLPIN_OVR_TUT4WT_SOGA2_1	Seq_3	SOGA2	AGTCACAAGGATACCAAATGGA	3	ZW	33_Wirtualna	TUT4WT	FLPIN	TOTAL	SOGA2	1	OVR	300	223_FLPIN_OVR_TUT4WT_SOGA2_1_R5.fastq	223_FLPIN_OVR_TUT4WT_SOGA2_1_R3.fastq
224_FLPIN_OVR_TUT4WT_SOGA2_2	Seq_3	SOGA2	AGTCACAAGGATACCAAATGGA	4	ZW	34_Wirtualna	TUT4WT	FLPIN	TOTAL	SOGA2	2	OVR	300	224_FLPIN_OVR_TUT4WT_SOGA2_2_R5.fastq	224_FLPIN_OVR_TUT4WT_SOGA2_2_R3.fastq
225_FLPIN_OVR_TUT4WT_SOGA2_3	Seq_3	SOGA2	AGTCACAAGGATACCAAATGGA	5	ZW	35_Wirtualna	TUT4WT	FLPIN	TOTAL	SOGA2	3	OVR	300	225_FLPIN_OVR_TUT4WT_SOGA2_3_R5.fastq	225_FLPIN_OVR_TUT4WT_SOGA2_3_R3.fastq
226_FLPIN_OVR_TUT7MT_SOGA2_1	Seq_3	SOGA2	AGTCACAAGGATACCAAATGGA	6	ZW	36_Wirtualna	TUT7MT	FLPIN	TOTAL	SOGA2	4	OVR	300	226_FLPIN_OVR_TUT7MT_SOGA2_1_R5.fastq	226_FLPIN_OVR_TUT7MT_SOGA2_1_R3.fastq
227_FLPIN_OVR_TUT7MT_SOGA2_2	Seq_3	SOGA2	AGTCACAAGGATACCAAATGGA	7	ZW	37_Wirtualna	TUT7MT	FLPIN	TOTAL	SOGA2	5	OVR	300	227_FLPIN_OVR_TUT7MT_SOGA2_2_R5.fastq	227_FLPIN_OVR_TUT7MT_SOGA2_2_R3.fastq
228_FLPIN_OVR_TUT7MT_SOGA2_3	Seq_3	SOGA2	AGTCACAAGGATACCAAATGGA	8	ZW	38_Wirtualna	TUT7MT	FLPIN	TOTAL	SOGA2	6	OVR	300	228_FLPIN_OVR_TUT7MT_SOGA2_3_R5.fastq	228_FLPIN_OVR_TUT7MT_SOGA2_3_R3.fastq
229_FLPIN_OVR_TUT7WT_SOGA2_1	Seq_3	SOGA2	AGTCACAAGGATACCAAATGGA	9	ZW	39_Wirtualna	TUT7WT	FLPIN	TOTAL	SOGA2	4	OVR	300	229_FLPIN_OVR_TUT7WT_SOGA2_1_R5.fastq	229_FLPIN_OVR_TUT7WT_SOGA2_1_R3.fastq
230_FLPIN_OVR_TUT7WT_SOGA2_2	Seq_3	SOGA2	AGTCACAAGGATACCAAATGGA	0	ZW	40_Wirtualna	TUT7WT	FLPIN	TOTAL	SOGA2	5	OVR	300	230_FLPIN_OVR_TUT7WT_SOGA2_2_R5.fastq	230_FLPIN_OVR_TUT7WT_SOGA2_2_R3.fastq
231_FLPIN_OVR_TUT7WT_SOGA2_3	Seq_3	SOGA2	AGTCACAAGGATACCAAATGGA	1	ZW	41_Wirtualna	TUT7WT	FLPIN	TOTAL	SOGA2	6	OVR	300	231_FLPIN_OVR_TUT7WT_SOGA2_3_R5.fastq	231_FLPIN_OVR_TUT7WT_SOGA2_3_R3.fastq
236_H9_NT_ENDOL1_1	Seq_3	L1NGS0	CCAGCATGGCACATGTATAC	6	ZW	46_Wirtualna	NT	H9	TOTAL	ENDOL1	1	NT	300	236_H9_NT_ENDOL1_1_R5.fastq	236_H9_NT_ENDOL1_1_R3.fastq
237_H9_NT_ENDOL1_2	Seq_3	L1NGS0	CCAGCATGGCACATGTATAC	7	ZW	47_Wirtualna	NT	H9	TOTAL	ENDOL1	2	NT	300	237_H9_NT_ENDOL1_2_R5.fastq	237_H9_NT_ENDOL1_2_R3.fastq
238_H9_NT_ENDOL1_3	Seq_3	L1NGS0	CCAGCATGGCACATGTATAC	8	ZW	48_Wirtualna	NT	H9	TOTAL	ENDOL1	3	NT	300	238_H9_NT_ENDOL1_3_R5.fastq	238_H9_NT_ENDOL1_3_R3.fastq
247_MYSZ_GAPDH_1	Seq_3	GAPDHMM	AGCCCTCCCTACTCTCTTGA	4	ZW	4_Wirtualna	NT	MYSZ	TOTAL	GAPDH	1	NT	300	247_MYSZ_GAPDH_1_R5.fastq	247_MYSZ_GAPDH_1_R3.fastq
248_MYSZ_GAPDH_2	Seq_3	GAPDHMM	AGCCCTCCCTACTCTCTTGA	5	ZW	5_Wirtualna	NT	MYSZ	TOTAL	GAPDH	2	NT	300	248_MYSZ_GAPDH_2_R5.fastq	248_MYSZ_GAPDH_2_R3.fastq
249_MYSZ_GAPDH_3	Seq_3	GAPDHMM	AGCCCTCCCTACTCTCTTGA	6	ZW	6_Wirtualna	NT	MYSZ	TOTAL	GAPDH	3	NT	300	249_MYSZ_GAPDH_3_R5.fastq	249_MYSZ_GAPDH_3_R3.fastq
250_MYSZ_GAPDH_4	Seq_3	GAPDHMM	AGCCCTCCCTACTCTCTTGA	7	ZW	7_Wirtualna	NT	MYSZ	TOTAL	GAPDH	4	NT	300	250_MYSZ_GAPDH_4_R5.fastq	250_MYSZ_GAPDH_4_R3.fastq
