Sample_Name	primer_name	primer_seq	index_number	wirtualny	condition	cell_line	localization	transcript	person	replicate	R5_file	R3_file
89_293T_MBP_GAPDH_1	GAPDH	CTAGGGAGCCGCACCTTGT	25	25_Wirtualna	MBP	293T	TOTAL	GAPDH	ZW	1	GAPDH_89_293T_MBP_GAPDH_1_R5.fastq	GAPDH_89_293T_MBP_GAPDH_1_R3.fastq
90_293T_MBP_GAPDH_2	GAPDH	CTAGGGAGCCGCACCTTGT	26	26_Wirtualna	MBP	293T	TOTAL	GAPDH	ZW	2	GAPDH_90_293T_MBP_GAPDH_2_R5.fastq	GAPDH_90_293T_MBP_GAPDH_2_R3.fastq
91_293T_MBP_GAPDH_3	GAPDH	CTAGGGAGCCGCACCTTGT	27	27_Wirtualna	MBP	293T	TOTAL	GAPDH	ZW	3	GAPDH_91_293T_MBP_GAPDH_3_R5.fastq	GAPDH_91_293T_MBP_GAPDH_3_R3.fastq
107_293T_MOV10_GAPDH_1	GAPDH	CTAGGGAGCCGCACCTTGT	28	28_Wirtualna	MOV10	293T	TOTAL	GAPDH	ZW	1	GAPDH_107_293T_MOV10_GAPDH_1_R5.fastq	GAPDH_107_293T_MOV10_GAPDH_1_R3.fastq
108_293T_MOV10_GAPDH_2	GAPDH	CTAGGGAGCCGCACCTTGT	29	29_Wirtualna	MOV10	293T	TOTAL	GAPDH	ZW	2	GAPDH_108_293T_MOV10_GAPDH_2_R5.fastq	GAPDH_108_293T_MOV10_GAPDH_2_R3.fastq
109_293T_MOV10_GAPDH_3	GAPDH	CTAGGGAGCCGCACCTTGT	30	30_Wirtualna	MOV10	293T	TOTAL	GAPDH	ZW	3	GAPDH_109_293T_MOV10_GAPDH_3_R5.fastq	GAPDH_109_293T_MOV10_GAPDH_3_R3.fastq
284_HEK_293T_GAPDH_1	GAPDH	CTAGGGAGCCGCACCTTGT	3	3_Wirtualna	NT	293T	TOTAL	GAPDH	ZW	1	GAPDH_284_HEK_293T_GAPDH_1_R5.fastq	GAPDH_284_HEK_293T_GAPDH_1_R3.fastq
247_HEK_293T_ENDOL1_1	L1NGS0	CCAGCATGGCACATGTATAC	3	3_Wirtualna	NT	293T	TOTAL	ENDOL1	ZW	1	L1NGS0_247_HEK_293T_ENDOL1_1_R5.fastq	L1NGS0_247_HEK_293T_ENDOL1_1_R3.fastq
143_293T_TUT7MUT_GAPDH_1	GAPDH	CTAGGGAGCCGCACCTTGT	34	34_Wirtualna	TUT7MUT	293T	TOTAL	GAPDH	ZW	1	GAPDH_143_293T_TUT7MUT_GAPDH_1_R5.fastq	GAPDH_143_293T_TUT7MUT_GAPDH_1_R3.fastq
144_293T_TUT7MUT_GAPDH_2	GAPDH	CTAGGGAGCCGCACCTTGT	35	35_Wirtualna	TUT7MUT	293T	TOTAL	GAPDH	ZW	2	GAPDH_144_293T_TUT7MUT_GAPDH_2_R5.fastq	GAPDH_144_293T_TUT7MUT_GAPDH_2_R3.fastq
145_293T_TUT7MUT_GAPDH_3	GAPDH	CTAGGGAGCCGCACCTTGT	36	36_Wirtualna	TUT7MUT	293T	TOTAL	GAPDH	ZW	3	GAPDH_145_293T_TUT7MUT_GAPDH_3_R5.fastq	GAPDH_145_293T_TUT7MUT_GAPDH_3_R3.fastq
125_293T_TUT7WT_GAPDH_1	GAPDH	CTAGGGAGCCGCACCTTGT	31	31_Wirtualna	TUT7WT	293T	TOTAL	GAPDH	ZW	1	GAPDH_125_293T_TUT7WT_GAPDH_1_R5.fastq	GAPDH_125_293T_TUT7WT_GAPDH_1_R3.fastq
126_293T_TUT7WT_GAPDH_2	GAPDH	CTAGGGAGCCGCACCTTGT	32	32_Wirtualna	TUT7WT	293T	TOTAL	GAPDH	ZW	2	GAPDH_126_293T_TUT7WT_GAPDH_2_R5.fastq	GAPDH_126_293T_TUT7WT_GAPDH_2_R3.fastq
127_293T_TUT7WT_GAPDH_3	GAPDH	CTAGGGAGCCGCACCTTGT	33	33_Wirtualna	TUT7WT	293T	TOTAL	GAPDH	ZW	3	GAPDH_127_293T_TUT7WT_GAPDH_3_R5.fastq	GAPDH_127_293T_TUT7WT_GAPDH_3_R3.fastq
165_H9_ZW_GAPDH_1	GAPDH	CTAGGGAGCCGCACCTTGT	11	11_Wirtualna	NT	H9	TOTAL	GAPDH	ZW	1	GAPDH_165_H9_ZW_GAPDH_1_R5.fastq	GAPDH_165_H9_ZW_GAPDH_1_R3.fastq
166_H9_ZW_GAPDH_2	GAPDH	CTAGGGAGCCGCACCTTGT	12	12_Wirtualna	NT	H9	TOTAL	GAPDH	ZW	2	GAPDH_166_H9_ZW_GAPDH_2_R5.fastq	GAPDH_166_H9_ZW_GAPDH_2_R3.fastq
167_H9_ZW_GAPDH_3	GAPDH	CTAGGGAGCCGCACCTTGT	13	13_Wirtualna	NT	H9	TOTAL	GAPDH	ZW	3	GAPDH_167_H9_ZW_GAPDH_3_R5.fastq	GAPDH_167_H9_ZW_GAPDH_3_R3.fastq
253_H9_ZW_ENDOL1_1	L1NGS0	CCAGCATGGCACATGTATAC	11	11_Wirtualna	NT	H9	TOTAL	ENDOL1	ZW	1	L1NGS0_253_H9_ZW_ENDOL1_1_R5.fastq	L1NGS0_253_H9_ZW_ENDOL1_1_R3.fastq
254_H9_JGP_ENDOL1_1	L1NGS0	CCAGCATGGCACATGTATAC	12	12_Wirtualna	NT	H9	TOTAL	ENDOL1	JGP	1	L1NGS0_254_H9_JGP_ENDOL1_1_R5.fastq	L1NGS0_254_H9_JGP_ENDOL1_1_R3.fastq
279_HEK_FLPIN_GAPDH_1	GAPDH	CTAGGGAGCCGCACCTTGT	2	2_Wirtualna	NT	HEK_FLPIN	TOTAL	GAPDH	ZW	1	GAPDH_279_HEK_FLPIN_GAPDH_1_R5.fastq	GAPDH_279_HEK_FLPIN_GAPDH_1_R3.fastq
246_HEK_FLPIN_ENDOL1_1	L1NGS0	CCAGCATGGCACATGTATAC	2	2_Wirtualna	NT	HEK_FLPIN	TOTAL	ENDOL1	ZW	1	L1NGS0_246_HEK_FLPIN_ENDOL1_1_R5.fastq	L1NGS0_246_HEK_FLPIN_ENDOL1_1_R3.fastq
289_HELAHA_GAPDH_1	GAPDH	CTAGGGAGCCGCACCTTGT	7	7_Wirtualna	NT	HELAHA	TOTAL	GAPDH	ZW	1	GAPDH_289_HELAHA_GAPDH_1_R5.fastq	GAPDH_289_HELAHA_GAPDH_1_R3.fastq
248_HELAHA_ENDOL1_1	L1NGS0	CCAGCATGGCACATGTATAC	7	7_Wirtualna	NT	HELAHA	TOTAL	ENDOL1	ZW	1	L1NGS0_248_HELAHA_ENDOL1_1_R5.fastq	L1NGS0_248_HELAHA_ENDOL1_1_R3.fastq
249_MYSZ_1_JADRO_ENDOL1_1	L1MMNGS1	CAGGGGAGTGGGGGTGGGTG	1	1_Wirtualna	NT	MYSZ	JADRO	ENDOL1	ZW	1	L1MMNGS1_249_MYSZ_1_JADRO_ENDOL1_1_R5.fastq	L1MMNGS1_249_MYSZ_1_JADRO_ENDOL1_1_R3.fastq
186_NPC_ZW_GAPDH_1	GAPDH	CTAGGGAGCCGCACCTTGT	14	14_Wirtualna	NT	NPC	TOTAL	GAPDH	ZW	1	GAPDH_186_NPC_ZW_GAPDH_1_R5.fastq	GAPDH_186_NPC_ZW_GAPDH_1_R3.fastq
187_NPC_ZW_GAPDH_2	GAPDH	CTAGGGAGCCGCACCTTGT	15	15_Wirtualna	NT	NPC	TOTAL	GAPDH	ZW	2	GAPDH_187_NPC_ZW_GAPDH_2_R5.fastq	GAPDH_187_NPC_ZW_GAPDH_2_R3.fastq
188_NPC_ZW_GAPDH_3	GAPDH	CTAGGGAGCCGCACCTTGT	16	16_Wirtualna	NT	NPC	TOTAL	GAPDH	ZW	3	GAPDH_188_NPC_ZW_GAPDH_3_R5.fastq	GAPDH_188_NPC_ZW_GAPDH_3_R3.fastq
255_NPC_ZW_ENDOL1_1	L1NGS0	CCAGCATGGCACATGTATAC	14	14_Wirtualna	NT	NPC	TOTAL	ENDOL1	ZW	1	L1NGS0_255_NPC_ZW_ENDOL1_1_R5.fastq	L1NGS0_255_NPC_ZW_ENDOL1_1_R3.fastq
256_NPC_JGP_ENDOL1_1	L1NGS0	CCAGCATGGCACATGTATAC	15	15_Wirtualna	NT	NPC	TOTAL	ENDOL1	JGP	1	L1NGS0_256_NPC_JGP_ENDOL1_1_R5.fastq	L1NGS0_256_NPC_JGP_ENDOL1_1_R3.fastq
17_PA1_CYTO_CNTRLSIRNA_GAPDH_1	GAPDH	CTAGGGAGCCGCACCTTGT	40	40_Wirtualna	CNTRLSIRNA	PA1	CYTO	GAPDH	ZW	1	GAPDH_17_PA1_CYTO_CNTRLSIRNA_GAPDH_1_R5.fastq	GAPDH_17_PA1_CYTO_CNTRLSIRNA_GAPDH_1_R3.fastq
18_PA1_CYTO_CNTRLSIRNA_GAPDH_2	GAPDH	CTAGGGAGCCGCACCTTGT	41	41_Wirtualna	CNTRLSIRNA	PA1	CYTO	GAPDH	ZW	2	GAPDH_18_PA1_CYTO_CNTRLSIRNA_GAPDH_2_R5.fastq	GAPDH_18_PA1_CYTO_CNTRLSIRNA_GAPDH_2_R3.fastq
19_PA1_CYTO_CNTRLSIRNA_GAPDH_3	GAPDH	CTAGGGAGCCGCACCTTGT	42	42_Wirtualna	CNTRLSIRNA	PA1	CYTO	GAPDH	ZW	3	GAPDH_19_PA1_CYTO_CNTRLSIRNA_GAPDH_3_R5.fastq	GAPDH_19_PA1_CYTO_CNTRLSIRNA_GAPDH_3_R3.fastq
237_PA1_CYTO_CNTRLSIRNA_ENDOL1_1	L1NGS0	CCAGCATGGCACATGTATAC	40	40_Wirtualna	CNTRLSIRNA	PA1	CYTO	ENDOL1	ZW	1	L1NGS0_237_PA1_CYTO_CNTRLSIRNA_ENDOL1_1_R5.fastq	L1NGS0_237_PA1_CYTO_CNTRLSIRNA_ENDOL1_1_R3.fastq
238_PA1_CYTO_CNTRLSIRNA_ENDOL1_2	L1NGS0	CCAGCATGGCACATGTATAC	41	41_Wirtualna	CNTRLSIRNA	PA1	CYTO	ENDOL1	ZW	2	L1NGS0_238_PA1_CYTO_CNTRLSIRNA_ENDOL1_2_R5.fastq	L1NGS0_238_PA1_CYTO_CNTRLSIRNA_ENDOL1_2_R3.fastq
239_PA1_CYTO_CNTRLSIRNA_ENDOL1_3	L1NGS0	CCAGCATGGCACATGTATAC	42	42_Wirtualna	CNTRLSIRNA	PA1	CYTO	ENDOL1	ZW	3	L1NGS0_239_PA1_CYTO_CNTRLSIRNA_ENDOL1_3_R5.fastq	L1NGS0_239_PA1_CYTO_CNTRLSIRNA_ENDOL1_3_R3.fastq
55_PA1_CYTO_MOV10SIRNA_GAPDH_3	GAPDH	CTAGGGAGCCGCACCTTGT	10	10_Wirtualna	MOV10SIRNA	PA1	CYTO	GAPDH	ZW	3	GAPDH_55_PA1_CYTO_MOV10SIRNA_GAPDH_3_R5.fastq	GAPDH_55_PA1_CYTO_MOV10SIRNA_GAPDH_3_R3.fastq
53_PA1_CYTO_MOV10SIRNA_GAPDH_1	GAPDH	CTAGGGAGCCGCACCTTGT	8	8_Wirtualna	MOV10SIRNA	PA1	CYTO	GAPDH	ZW	1	GAPDH_53_PA1_CYTO_MOV10SIRNA_GAPDH_1_R5.fastq	GAPDH_53_PA1_CYTO_MOV10SIRNA_GAPDH_1_R3.fastq
54_PA1_CYTO_MOV10SIRNA_GAPDH_2	GAPDH	CTAGGGAGCCGCACCTTGT	9	9_Wirtualna	MOV10SIRNA	PA1	CYTO	GAPDH	ZW	2	GAPDH_54_PA1_CYTO_MOV10SIRNA_GAPDH_2_R5.fastq	GAPDH_54_PA1_CYTO_MOV10SIRNA_GAPDH_2_R3.fastq
236_PA1_CYTO_MOV10SIRNAC_ENDOL1_3	L1NGS0	CCAGCATGGCACATGTATAC	10	10_Wirtualna	MOV10SIRNAC	PA1	CYTO	ENDOL1	ZW	3	L1NGS0_236_PA1_CYTO_MOV10SIRNAC_ENDOL1_3_R5.fastq	L1NGS0_236_PA1_CYTO_MOV10SIRNAC_ENDOL1_3_R3.fastq
234_PA1_CYTO_MOV10SIRNAC_ENDOL1_1	L1NGS0	CCAGCATGGCACATGTATAC	8	8_Wirtualna	MOV10SIRNAC	PA1	CYTO	ENDOL1	ZW	1	L1NGS0_234_PA1_CYTO_MOV10SIRNAC_ENDOL1_1_R5.fastq	L1NGS0_234_PA1_CYTO_MOV10SIRNAC_ENDOL1_1_R3.fastq
235_PA1_CYTO_MOV10SIRNAC_ENDOL1_2	L1NGS0	CCAGCATGGCACATGTATAC	9	9_Wirtualna	MOV10SIRNAC	PA1	CYTO	ENDOL1	ZW	2	L1NGS0_235_PA1_CYTO_MOV10SIRNAC_ENDOL1_2_R5.fastq	L1NGS0_235_PA1_CYTO_MOV10SIRNAC_ENDOL1_2_R3.fastq
261_PA1_CYTO_GAPDH_1	GAPDH	CTAGGGAGCCGCACCTTGT	1	1_Wirtualna	NT	PA1	CYTO	GAPDH	ZW	1	GAPDH_261_PA1_CYTO_GAPDH_1_R5.fastq	GAPDH_261_PA1_CYTO_GAPDH_1_R3.fastq
262_PA1_CYTO_GAPDH_2	GAPDH	CTAGGGAGCCGCACCTTGT	17	17_Wirtualna	NT	PA1	CYTO	GAPDH	ZW	2	GAPDH_262_PA1_CYTO_GAPDH_2_R5.fastq	GAPDH_262_PA1_CYTO_GAPDH_2_R3.fastq
271_PA1_NUC_GAPDH_1	GAPDH	CTAGGGAGCCGCACCTTGT	18	18_Wirtualna	NT	PA1	NUC	GAPDH	ZW	1	GAPDH_271_PA1_NUC_GAPDH_1_R5.fastq	GAPDH_271_PA1_NUC_GAPDH_1_R3.fastq
272_PA1_NUC_GAPDH_2	GAPDH	CTAGGGAGCCGCACCTTGT	24	24_Wirtualna	NT	PA1	NUC	GAPDH	ZW	2	GAPDH_272_PA1_NUC_GAPDH_2_R5.fastq	GAPDH_272_PA1_NUC_GAPDH_2_R3.fastq
71_PA1_CYTO_NT_GAPDH_1	GAPDH	CTAGGGAGCCGCACCTTGT	37	37_Wirtualna	NT	PA1	CYTO	GAPDH	ZW	1	GAPDH_71_PA1_CYTO_NT_GAPDH_1_R5.fastq	GAPDH_71_PA1_CYTO_NT_GAPDH_1_R3.fastq
72_PA1_CYTO_NT_GAPDH_2	GAPDH	CTAGGGAGCCGCACCTTGT	38	38_Wirtualna	NT	PA1	CYTO	GAPDH	ZW	2	GAPDH_72_PA1_CYTO_NT_GAPDH_2_R5.fastq	GAPDH_72_PA1_CYTO_NT_GAPDH_2_R3.fastq
73_PA1_CYTO_NT_GAPDH_3	GAPDH	CTAGGGAGCCGCACCTTGT	39	39_Wirtualna	NT	PA1	CYTO	GAPDH	ZW	3	GAPDH_73_PA1_CYTO_NT_GAPDH_3_R5.fastq	GAPDH_73_PA1_CYTO_NT_GAPDH_3_R3.fastq
228_PA1_CYTO_ENDOL1_1	L1NGS0	CCAGCATGGCACATGTATAC	1	1_Wirtualna	NT	PA1	CYTO	ENDOL1	ZW	1	L1NGS0_228_PA1_CYTO_ENDOL1_1_R5.fastq	L1NGS0_228_PA1_CYTO_ENDOL1_1_R3.fastq
229_PA1_CYTO_ENDOL1_2	L1NGS0	CCAGCATGGCACATGTATAC	17	17_Wirtualna	NT	PA1	CYTO	ENDOL1	ZW	2	L1NGS0_229_PA1_CYTO_ENDOL1_2_R5.fastq	L1NGS0_229_PA1_CYTO_ENDOL1_2_R3.fastq
230_PA1_NUC_ENDOL1_1	L1NGS0	CCAGCATGGCACATGTATAC	18	18_Wirtualna	NT	PA1	NUC	ENDOL1	ZW	1	L1NGS0_230_PA1_NUC_ENDOL1_1_R5.fastq	L1NGS0_230_PA1_NUC_ENDOL1_1_R3.fastq
231_PA1_NUC_ENDOL1_1	L1NGS0	CCAGCATGGCACATGTATAC	24	24_Wirtualna	NT	PA1	NUC	ENDOL1	ZW	1	L1NGS0_231_PA1_NUC_ENDOL1_1_R5.fastq	L1NGS0_231_PA1_NUC_ENDOL1_1_R3.fastq
232_PA1_TOTAL_ENDOL1_1	L1NGS0	CCAGCATGGCACATGTATAC	37	37_Wirtualna	NT	PA1	TOTAL	ENDOL1	ZW	1	L1NGS0_232_PA1_TOTAL_ENDOL1_1_R5.fastq	L1NGS0_232_PA1_TOTAL_ENDOL1_1_R3.fastq
233_PA1_TOTAL_ENDOL1_2	L1NGS0	CCAGCATGGCACATGTATAC	38	38_Wirtualna	NT	PA1	TOTAL	ENDOL1	ZW	2	L1NGS0_233_PA1_TOTAL_ENDOL1_2_R5.fastq	L1NGS0_233_PA1_TOTAL_ENDOL1_2_R3.fastq
74_PA1_CYTO_NT_ENDOL1_1	L1NGS1	GCAATGTGCACATGTACCCTAA	37	37_Wirtualna	NT	PA1	CYTO	ENDOL1	ZW	1	L1NGS1_74_PA1_CYTO_NT_ENDOL1_1_R5.fastq	L1NGS1_74_PA1_CYTO_NT_ENDOL1_1_R3.fastq
75_PA1_CYTO_NT_ENDOL1_2	L1NGS1	GCAATGTGCACATGTACCCTAA	38	38_Wirtualna	NT	PA1	CYTO	ENDOL1	ZW	2	L1NGS1_75_PA1_CYTO_NT_ENDOL1_2_R5.fastq	L1NGS1_75_PA1_CYTO_NT_ENDOL1_2_R3.fastq
76_PA1_CYTO_NT_ENDOL1_3	L1NGS1	GCAATGTGCACATGTACCCTAA	39	39_Wirtualna	NT	PA1	CYTO	ENDOL1	ZW	3	L1NGS1_76_PA1_CYTO_NT_ENDOL1_3_R5.fastq	L1NGS1_76_PA1_CYTO_NT_ENDOL1_3_R3.fastq
35_PA1_CYTO_TUTSIRNA_GAPDH_1	GAPDH	CTAGGGAGCCGCACCTTGT	4	4_Wirtualna	TUTSIRNA	PA1	CYTO	GAPDH	ZW	1	GAPDH_35_PA1_CYTO_TUTSIRNA_GAPDH_1_R5.fastq	GAPDH_35_PA1_CYTO_TUTSIRNA_GAPDH_1_R3.fastq
36_PA1_CYTO_TUTSIRNA_GAPDH_2	GAPDH	CTAGGGAGCCGCACCTTGT	5	5_Wirtualna	TUTSIRNA	PA1	CYTO	GAPDH	ZW	2	GAPDH_36_PA1_CYTO_TUTSIRNA_GAPDH_2_R5.fastq	GAPDH_36_PA1_CYTO_TUTSIRNA_GAPDH_2_R3.fastq
37_PA1_CYTO_TUTSIRNA_GAPDH_3	GAPDH	CTAGGGAGCCGCACCTTGT	6	6_Wirtualna	TUTSIRNA	PA1	CYTO	GAPDH	ZW	3	GAPDH_37_PA1_CYTO_TUTSIRNA_GAPDH_3_R5.fastq	GAPDH_37_PA1_CYTO_TUTSIRNA_GAPDH_3_R3.fastq
240_PA1_CYTO_TUTSIRNA_ENDOL1_1	L1NGS0	CCAGCATGGCACATGTATAC	4	4_Wirtualna	TUTSIRNA	PA1	CYTO	ENDOL1	ZW	1	L1NGS0_240_PA1_CYTO_TUTSIRNA_ENDOL1_1_R5.fastq	L1NGS0_240_PA1_CYTO_TUTSIRNA_ENDOL1_1_R3.fastq
241_PA1_CYTO_TUTSIRNA_ENDOL1_2	L1NGS0	CCAGCATGGCACATGTATAC	5	5_Wirtualna	TUTSIRNA	PA1	CYTO	ENDOL1	ZW	2	L1NGS0_241_PA1_CYTO_TUTSIRNA_ENDOL1_2_R5.fastq	L1NGS0_241_PA1_CYTO_TUTSIRNA_ENDOL1_2_R3.fastq
242_PA1_CYTO_TUTSIRNA_ENDOL1_3	L1NGS0	CCAGCATGGCACATGTATAC	6	6_Wirtualna	TUTSIRNA	PA1	CYTO	ENDOL1	ZW	3	L1NGS0_242_PA1_CYTO_TUTSIRNA_ENDOL1_3_R5.fastq	L1NGS0_242_PA1_CYTO_TUTSIRNA_ENDOL1_3_R3.fastq
